[
    {
        "id": 1,
        "name": "Afghanistan",
        "phone_code": "93",
        "currency": "AFN",
        "currency_symbol": "؋",
        "timezones": [
            "Asia\/Kabul"
        ],
        "icon": "🇦🇫",
        "is_active": true
    },
    {
        "id": 2,
        "name": "Aland Islands",
        "phone_code": "+358-18",
        "currency": "EUR",
        "currency_symbol": "€",
        "timezones": [
            "Europe\/Mariehamn"
        ],
        "icon": "🇦🇽",
        "is_active": true
    },
    {
        "id": 3,
        "name": "Albania",
        "phone_code": "355",
        "currency": "ALL",
        "currency_symbol": "Lek",
        "timezones": [
            "Europe\/Tirane"
        ],
        "icon": "🇦🇱",
        "is_active": true
    },
    {
        "id": 4,
        "name": "Algeria",
        "phone_code": "213",
        "currency": "DZD",
        "currency_symbol": "دج",
        "timezones": [
            "Africa\/Algiers"
        ],
        "icon": "🇩🇿",
        "is_active": true
    },
    {
        "id": 5,
        "name": "American Samoa",
        "phone_code": "+1-684",
        "currency": "USD",
        "currency_symbol": "$",
        "timezones": [
            "Pacific\/Pago_Pago"
        ],
        "icon": "🇦🇸",
        "is_active": true
    },
    {
        "id": 6,
        "name": "Andorra",
        "phone_code": "376",
        "currency": "EUR",
        "currency_symbol": "€",
        "timezones": [
            "Europe\/Andorra"
        ],
        "icon": "🇦🇩",
        "is_active": true
    },
    {
        "id": 7,
        "name": "Angola",
        "phone_code": "244",
        "currency": "AOA",
        "currency_symbol": "Kz",
        "timezones": [
            "Africa\/Luanda"
        ],
        "icon": "🇦🇴",
        "is_active": true
    },
    {
        "id": 8,
        "name": "Anguilla",
        "phone_code": "+1-264",
        "currency": "XCD",
        "currency_symbol": "$",
        "timezones": [
            "America\/Anguilla"
        ],
        "icon": "🇦🇮",
        "is_active": true
    },
    {
        "id": 10,
        "name": "Antigua And Barbuda",
        "phone_code": "+1-268",
        "currency": "XCD",
        "currency_symbol": "$",
        "timezones": [
            "America\/Antigua"
        ],
        "icon": "🇦🇬",
        "is_active": true
    },
    {
        "id": 11,
        "name": "Argentina",
        "phone_code": "54",
        "currency": "ARS",
        "currency_symbol": "$",
        "timezones": [
            "America\/Argentina\/Buenos_Aires",
            "America\/Argentina\/Catamarca",
            "America\/Argentina\/Cordoba",
            "America\/Argentina\/Jujuy",
            "America\/Argentina\/La_Rioja",
            "America\/Argentina\/Mendoza",
            "America\/Argentina\/Rio_Gallegos",
            "America\/Argentina\/Salta",
            "America\/Argentina\/San_Juan",
            "America\/Argentina\/San_Luis",
            "America\/Argentina\/Tucuman",
            "America\/Argentina\/Ushuaia"
        ],
        "icon": "🇦🇷",
        "is_active": true
    },
    {
        "id": 12,
        "name": "Armenia",
        "phone_code": "374",
        "currency": "AMD",
        "currency_symbol": "Ö",
        "timezones": [
            "Asia\/Yerevan"
        ],
        "icon": "🇦🇲",
        "is_active": true
    },
    {
        "id": 13,
        "name": "Aruba",
        "phone_code": "297",
        "currency": "AWG",
        "currency_symbol": "ƒ",
        "timezones": [
            "America\/Aruba"
        ],
        "icon": "🇦🇼",
        "is_active": true
    },
    {
        "id": 14,
        "name": "Australia",
        "phone_code": "61",
        "currency": "AUD",
        "currency_symbol": "$",
        "timezones": [
            "Antarctica\/Macquarie",
            "Australia\/Adelaide",
            "Australia\/Brisbane",
            "Australia\/Broken_Hill",
            "Australia\/Currie",
            "Australia\/Darwin",
            "Australia\/Eucla",
            "Australia\/Hobart",
            "Australia\/Lindeman",
            "Australia\/Lord_Howe",
            "Australia\/Melbourne",
            "Australia\/Perth",
            "Australia\/Sydney"
        ],
        "icon": "🇦🇺",
        "is_active": true
    },
    {
        "id": 15,
        "name": "Austria",
        "phone_code": "43",
        "currency": "EUR",
        "currency_symbol": "€",
        "timezones": [
            "Europe\/Vienna"
        ],
        "icon": "🇦🇹",
        "is_active": true
    },
    {
        "id": 16,
        "name": "Azerbaijan",
        "phone_code": "994",
        "currency": "AZN",
        "currency_symbol": "m",
        "timezones": [
            "Asia\/Baku"
        ],
        "icon": "🇦🇿",
        "is_active": true
    },
    {
        "id": 17,
        "name": "Bahamas The",
        "phone_code": "+1-242",
        "currency": "BSD",
        "currency_symbol": "B$",
        "timezones": [
            "America\/Nassau"
        ],
        "icon": "🇧🇸",
        "is_active": true
    },
    {
        "id": 18,
        "name": "Bahrain",
        "phone_code": "973",
        "currency": "BHD",
        "currency_symbol": ".د.ب",
        "timezones": [
            "Asia\/Bahrain"
        ],
        "icon": "🇧🇭",
        "is_active": true
    },
    {
        "id": 19,
        "name": "Bangladesh",
        "phone_code": "880",
        "currency": "BDT",
        "currency_symbol": "৳",
        "timezones": [
            "Asia\/Dhaka"
        ],
        "icon": "🇧🇩",
        "is_active": true
    },
    {
        "id": 20,
        "name": "Barbados",
        "phone_code": "+1-246",
        "currency": "BBD",
        "currency_symbol": "Bds$",
        "timezones": [
            "America\/Barbados"
        ],
        "icon": "🇧🇧",
        "is_active": true
    },
    {
        "id": 21,
        "name": "Belarus",
        "phone_code": "375",
        "currency": "BYN",
        "currency_symbol": "Br",
        "timezones": [
            "Europe\/Minsk"
        ],
        "icon": "🇧🇾",
        "is_active": true
    },
    {
        "id": 22,
        "name": "Belgium",
        "phone_code": "32",
        "currency": "EUR",
        "currency_symbol": "€",
        "timezones": [
            "Europe\/Brussels"
        ],
        "icon": "🇧🇪",
        "is_active": true
    },
    {
        "id": 23,
        "name": "Belize",
        "phone_code": "501",
        "currency": "BZD",
        "currency_symbol": "$",
        "timezones": [
            "America\/Belize"
        ],
        "icon": "🇧🇿",
        "is_active": true
    },
    {
        "id": 24,
        "name": "Benin",
        "phone_code": "229",
        "currency": "XOF",
        "currency_symbol": "CFA",
        "timezones": [
            "Africa\/Porto-Novo"
        ],
        "icon": "🇧🇯",
        "is_active": true
    },
    {
        "id": 25,
        "name": "Bermuda",
        "phone_code": "+1-441",
        "currency": "BMD",
        "currency_symbol": "$",
        "timezones": [
            "Atlantic\/Bermuda"
        ],
        "icon": "🇧🇲",
        "is_active": true
    },
    {
        "id": 26,
        "name": "Bhutan",
        "phone_code": "975",
        "currency": "BTN",
        "currency_symbol": "Nu.",
        "timezones": [
            "Asia\/Thimphu"
        ],
        "icon": "🇧🇹",
        "is_active": true
    },
    {
        "id": 27,
        "name": "Bolivia",
        "phone_code": "591",
        "currency": "BOB",
        "currency_symbol": "Bs.",
        "timezones": [
            "America\/La_Paz"
        ],
        "icon": "🇧🇴",
        "is_active": true
    },
    {
        "id": 155,
        "name": "Bonaire, Sint Eustatius and Saba",
        "phone_code": "599",
        "currency": "USD",
        "currency_symbol": "$",
        "timezones": [
            "America\/Anguilla"
        ],
        "icon": "🇧🇶",
        "is_active": true
    },
    {
        "id": 28,
        "name": "Bosnia and Herzegovina",
        "phone_code": "387",
        "currency": "BAM",
        "currency_symbol": "KM",
        "timezones": [
            "Europe\/Sarajevo"
        ],
        "icon": "🇧🇦",
        "is_active": true
    },
    {
        "id": 29,
        "name": "Botswana",
        "phone_code": "267",
        "currency": "BWP",
        "currency_symbol": "P",
        "timezones": [
            "Africa\/Gaborone"
        ],
        "icon": "🇧🇼",
        "is_active": true
    },
    {
        "id": 30,
        "name": "Bouvet Island",
        "phone_code": "0055",
        "currency": "NOK",
        "currency_symbol": "kr",
        "timezones": [
            "Europe\/Oslo"
        ],
        "icon": "🇧🇻",
        "is_active": true
    },
    {
        "id": 31,
        "name": "Brazil",
        "phone_code": "55",
        "currency": "BRL",
        "currency_symbol": "R$",
        "timezones": [
            "America\/Araguaina",
            "America\/Bahia",
            "America\/Belem",
            "America\/Boa_Vista",
            "America\/Campo_Grande",
            "America\/Cuiaba",
            "America\/Eirunepe",
            "America\/Fortaleza",
            "America\/Maceio",
            "America\/Manaus",
            "America\/Noronha",
            "America\/Porto_Velho",
            "America\/Recife",
            "America\/Rio_Branco",
            "America\/Santarem",
            "America\/Sao_Paulo"
        ],
        "icon": "🇧🇷",
        "is_active": true
    },
    {
        "id": 32,
        "name": "British Indian Ocean Territory",
        "phone_code": "246",
        "currency": "USD",
        "currency_symbol": "$",
        "timezones": [
            "Indian\/Chagos"
        ],
        "icon": "🇮🇴",
        "is_active": true
    },
    {
        "id": 33,
        "name": "Brunei",
        "phone_code": "673",
        "currency": "BND",
        "currency_symbol": "B$",
        "timezones": [
            "Asia\/Brunei"
        ],
        "icon": "🇧🇳",
        "is_active": true
    },
    {
        "id": 34,
        "name": "Bulgaria",
        "phone_code": "359",
        "currency": "BGN",
        "currency_symbol": "Лв.",
        "timezones": [
            "Europe\/Sofia"
        ],
        "icon": "🇧🇬",
        "is_active": true
    },
    {
        "id": 35,
        "name": "Burkina Faso",
        "phone_code": "226",
        "currency": "XOF",
        "currency_symbol": "CFA",
        "timezones": [
            "Africa\/Ouagadougou"
        ],
        "icon": "🇧🇫",
        "is_active": true
    },
    {
        "id": 36,
        "name": "Burundi",
        "phone_code": "257",
        "currency": "BIF",
        "currency_symbol": "FBu",
        "timezones": [
            "Africa\/Bujumbura"
        ],
        "icon": "🇧🇮",
        "is_active": true
    },
    {
        "id": 37,
        "name": "Cambodia",
        "phone_code": "855",
        "currency": "KHR",
        "currency_symbol": "KHR",
        "timezones": [
            "Asia\/Phnom_Penh"
        ],
        "icon": "🇰🇭",
        "is_active": true
    },
    {
        "id": 38,
        "name": "Cameroon",
        "phone_code": "237",
        "currency": "XAF",
        "currency_symbol": "FCFA",
        "timezones": [
            "Africa\/Douala"
        ],
        "icon": "🇨🇲",
        "is_active": true
    },
    {
        "id": 39,
        "name": "Canada",
        "phone_code": "1",
        "currency": "CAD",
        "currency_symbol": "$",
        "timezones": [
            "America\/Atikokan",
            "America\/Blanc-Sablon",
            "America\/Cambridge_Bay",
            "America\/Creston",
            "America\/Dawson",
            "America\/Dawson_Creek",
            "America\/Edmonton",
            "America\/Fort_Nelson",
            "America\/Glace_Bay",
            "America\/Goose_Bay",
            "America\/Halifax",
            "America\/Inuvik",
            "America\/Iqaluit",
            "America\/Moncton",
            "America\/Nipigon",
            "America\/Pangnirtung",
            "America\/Rainy_River",
            "America\/Rankin_Inlet",
            "America\/Regina",
            "America\/Resolute",
            "America\/St_Johns",
            "America\/Swift_Current",
            "America\/Thunder_Bay",
            "America\/Toronto",
            "America\/Vancouver",
            "America\/Whitehorse",
            "America\/Winnipeg",
            "America\/Yellowknife"
        ],
        "icon": "🇨🇦",
        "is_active": true
    },
    {
        "id": 40,
        "name": "Cape Verde",
        "phone_code": "238",
        "currency": "CVE",
        "currency_symbol": "$",
        "timezones": [
            "Atlantic\/Cape_Verde"
        ],
        "icon": "🇨🇻",
        "is_active": true
    },
    {
        "id": 41,
        "name": "Cayman Islands",
        "phone_code": "+1-345",
        "currency": "KYD",
        "currency_symbol": "$",
        "timezones": [
            "America\/Cayman"
        ],
        "icon": "🇰🇾",
        "is_active": true
    },
    {
        "id": 42,
        "name": "Central African Republic",
        "phone_code": "236",
        "currency": "XAF",
        "currency_symbol": "FCFA",
        "timezones": [
            "Africa\/Bangui"
        ],
        "icon": "🇨🇫",
        "is_active": true
    },
    {
        "id": 43,
        "name": "Chad",
        "phone_code": "235",
        "currency": "XAF",
        "currency_symbol": "FCFA",
        "timezones": [
            "Africa\/Ndjamena"
        ],
        "icon": "🇹🇩",
        "is_active": true
    },
    {
        "id": 44,
        "name": "Chile",
        "phone_code": "56",
        "currency": "CLP",
        "currency_symbol": "$",
        "timezones": [
            "America\/Punta_Arenas",
            "America\/Santiago",
            "Pacific\/Easter"
        ],
        "icon": "🇨🇱",
        "is_active": true
    },
    {
        "id": 45,
        "name": "China",
        "phone_code": "86",
        "currency": "CNY",
        "currency_symbol": "¥",
        "timezones": [
            "Asia\/Shanghai",
            "Asia\/Urumqi"
        ],
        "icon": "🇨🇳",
        "is_active": true
    },
    {
        "id": 46,
        "name": "Christmas Island",
        "phone_code": "61",
        "currency": "AUD",
        "currency_symbol": "$",
        "timezones": [
            "Indian\/Christmas"
        ],
        "icon": "🇨🇽",
        "is_active": true
    },
    {
        "id": 47,
        "name": "Cocos (Keeling) Islands",
        "phone_code": "61",
        "currency": "AUD",
        "currency_symbol": "$",
        "timezones": [
            "Indian\/Cocos"
        ],
        "icon": "🇨🇨",
        "is_active": true
    },
    {
        "id": 48,
        "name": "Colombia",
        "phone_code": "57",
        "currency": "COP",
        "currency_symbol": "$",
        "timezones": [
            "America\/Bogota"
        ],
        "icon": "🇨🇴",
        "is_active": true
    },
    {
        "id": 49,
        "name": "Comoros",
        "phone_code": "269",
        "currency": "KMF",
        "currency_symbol": "CF",
        "timezones": [
            "Indian\/Comoro"
        ],
        "icon": "🇰🇲",
        "is_active": true
    },
    {
        "id": 50,
        "name": "Congo",
        "phone_code": "242",
        "currency": "XAF",
        "currency_symbol": "FC",
        "timezones": [
            "Africa\/Brazzaville"
        ],
        "icon": "🇨🇬",
        "is_active": true
    },
    {
        "id": 51,
        "name": "Congo The Democratic Republic Of The",
        "phone_code": "243",
        "currency": "CDF",
        "currency_symbol": "FC",
        "timezones": [
            "Africa\/Kinshasa",
            "Africa\/Lubumbashi"
        ],
        "icon": "🇨🇩",
        "is_active": true
    },
    {
        "id": 52,
        "name": "Cook Islands",
        "phone_code": "682",
        "currency": "NZD",
        "currency_symbol": "$",
        "timezones": [
            "Pacific\/Rarotonga"
        ],
        "icon": "🇨🇰",
        "is_active": true
    },
    {
        "id": 53,
        "name": "Costa Rica",
        "phone_code": "506",
        "currency": "CRC",
        "currency_symbol": "₡",
        "timezones": [
            "America\/Costa_Rica"
        ],
        "icon": "🇨🇷",
        "is_active": true
    },
    {
        "id": 54,
        "name": "Cote D'Ivoire (Ivory Coast)",
        "phone_code": "225",
        "currency": "XOF",
        "currency_symbol": "CFA",
        "timezones": [
            "Africa\/Abidjan"
        ],
        "icon": "🇨🇮",
        "is_active": true
    },
    {
        "id": 55,
        "name": "Croatia (Hrvatska)",
        "phone_code": "385",
        "currency": "HRK",
        "currency_symbol": "kn",
        "timezones": [
            "Europe\/Zagreb"
        ],
        "icon": "🇭🇷",
        "is_active": true
    },
    {
        "id": 56,
        "name": "Cuba",
        "phone_code": "53",
        "currency": "CUP",
        "currency_symbol": "$",
        "timezones": [
            "America\/Havana"
        ],
        "icon": "🇨🇺",
        "is_active": true
    },
    {
        "id": 57,
        "name": "Cyprus",
        "phone_code": "357",
        "currency": "EUR",
        "currency_symbol": "€",
        "timezones": [
            "Asia\/Famagusta",
            "Asia\/Nicosia"
        ],
        "icon": "🇨🇾",
        "is_active": true
    },
    {
        "id": 58,
        "name": "Czech Republic",
        "phone_code": "420",
        "currency": "CZK",
        "currency_symbol": "KÄ",
        "timezones": [
            "Europe\/Prague"
        ],
        "icon": "🇨🇿",
        "is_active": true
    },
    {
        "id": 59,
        "name": "Denmark",
        "phone_code": "45",
        "currency": "DKK",
        "currency_symbol": "Kr.",
        "timezones": [
            "Europe\/Copenhagen"
        ],
        "icon": "🇩🇰",
        "is_active": true
    },
    {
        "id": 60,
        "name": "Djibouti",
        "phone_code": "253",
        "currency": "DJF",
        "currency_symbol": "Fdj",
        "timezones": [
            "Africa\/Djibouti"
        ],
        "icon": "🇩🇯",
        "is_active": true
    },
    {
        "id": 61,
        "name": "Dominica",
        "phone_code": "+1-767",
        "currency": "XCD",
        "currency_symbol": "$",
        "timezones": [
            "America\/Dominica"
        ],
        "icon": "🇩🇲",
        "is_active": true
    },
    {
        "id": 62,
        "name": "Dominican Republic",
        "phone_code": "+1-809 and 1-829",
        "currency": "DOP",
        "currency_symbol": "$",
        "timezones": [
            "America\/Santo_Domingo"
        ],
        "icon": "🇩🇴",
        "is_active": true
    },
    {
        "id": 63,
        "name": "East Timor",
        "phone_code": "670",
        "currency": "USD",
        "currency_symbol": "$",
        "timezones": [
            "Asia\/Dili"
        ],
        "icon": "🇹🇱",
        "is_active": true
    },
    {
        "id": 64,
        "name": "Ecuador",
        "phone_code": "593",
        "currency": "USD",
        "currency_symbol": "$",
        "timezones": [
            "America\/Guayaquil",
            "Pacific\/Galapagos"
        ],
        "icon": "🇪🇨",
        "is_active": true
    },
    {
        "id": 65,
        "name": "Egypt",
        "phone_code": "20",
        "currency": "EGP",
        "currency_symbol": "ج.م",
        "timezones": [
            "Africa\/Cairo"
        ],
        "icon": "🇪🇬",
        "is_active": true
    },
    {
        "id": 66,
        "name": "El Salvador",
        "phone_code": "503",
        "currency": "USD",
        "currency_symbol": "$",
        "timezones": [
            "America\/El_Salvador"
        ],
        "icon": "🇸🇻",
        "is_active": true
    },
    {
        "id": 67,
        "name": "Equatorial Guinea",
        "phone_code": "240",
        "currency": "XAF",
        "currency_symbol": "FCFA",
        "timezones": [
            "Africa\/Malabo"
        ],
        "icon": "🇬🇶",
        "is_active": true
    },
    {
        "id": 68,
        "name": "Eritrea",
        "phone_code": "291",
        "currency": "ERN",
        "currency_symbol": "Nfk",
        "timezones": [
            "Africa\/Asmara"
        ],
        "icon": "🇪🇷",
        "is_active": true
    },
    {
        "id": 69,
        "name": "Estonia",
        "phone_code": "372",
        "currency": "EUR",
        "currency_symbol": "€",
        "timezones": [
            "Europe\/Tallinn"
        ],
        "icon": "🇪🇪",
        "is_active": true
    },
    {
        "id": 70,
        "name": "Ethiopia",
        "phone_code": "251",
        "currency": "ETB",
        "currency_symbol": "Nkf",
        "timezones": [
            "Africa\/Addis_Ababa"
        ],
        "icon": "🇪🇹",
        "is_active": true
    },
    {
        "id": 71,
        "name": "Falkland Islands",
        "phone_code": "500",
        "currency": "FKP",
        "currency_symbol": "£",
        "timezones": [
            "Atlantic\/Stanley"
        ],
        "icon": "🇫🇰",
        "is_active": true
    },
    {
        "id": 72,
        "name": "Faroe Islands",
        "phone_code": "298",
        "currency": "DKK",
        "currency_symbol": "Kr.",
        "timezones": [
            "Atlantic\/Faroe"
        ],
        "icon": "🇫🇴",
        "is_active": true
    },
    {
        "id": 73,
        "name": "Fiji Islands",
        "phone_code": "679",
        "currency": "FJD",
        "currency_symbol": "FJ$",
        "timezones": [
            "Pacific\/Fiji"
        ],
        "icon": "🇫🇯",
        "is_active": true
    },
    {
        "id": 74,
        "name": "Finland",
        "phone_code": "358",
        "currency": "EUR",
        "currency_symbol": "€",
        "timezones": [
            "Europe\/Helsinki"
        ],
        "icon": "🇫🇮",
        "is_active": true
    },
    {
        "id": 75,
        "name": "France",
        "phone_code": "33",
        "currency": "EUR",
        "currency_symbol": "€",
        "timezones": [
            "Europe\/Paris"
        ],
        "icon": "🇫🇷",
        "is_active": true
    },
    {
        "id": 76,
        "name": "French Guiana",
        "phone_code": "594",
        "currency": "EUR",
        "currency_symbol": "€",
        "timezones": [
            "America\/Cayenne"
        ],
        "icon": "🇬🇫",
        "is_active": true
    },
    {
        "id": 77,
        "name": "French Polynesia",
        "phone_code": "689",
        "currency": "XPF",
        "currency_symbol": "₣",
        "timezones": [
            "Pacific\/Gambier",
            "Pacific\/Marquesas",
            "Pacific\/Tahiti"
        ],
        "icon": "🇵🇫",
        "is_active": true
    },
    {
        "id": 78,
        "name": "French Southern Territories",
        "phone_code": "",
        "currency": "EUR",
        "currency_symbol": "€",
        "timezones": [
            "Indian\/Kerguelen"
        ],
        "icon": "🇹🇫",
        "is_active": true
    },
    {
        "id": 79,
        "name": "Gabon",
        "phone_code": "241",
        "currency": "XAF",
        "currency_symbol": "FCFA",
        "timezones": [
            "Africa\/Libreville"
        ],
        "icon": "🇬🇦",
        "is_active": true
    },
    {
        "id": 80,
        "name": "Gambia The",
        "phone_code": "220",
        "currency": "GMD",
        "currency_symbol": "D",
        "timezones": [
            "Africa\/Banjul"
        ],
        "icon": "🇬🇲",
        "is_active": true
    },
    {
        "id": 81,
        "name": "Georgia",
        "phone_code": "995",
        "currency": "GEL",
        "currency_symbol": "ლ",
        "timezones": [
            "Asia\/Tbilisi"
        ],
        "icon": "🇬🇪",
        "is_active": true
    },
    {
        "id": 82,
        "name": "Germany",
        "phone_code": "49",
        "currency": "EUR",
        "currency_symbol": "€",
        "timezones": [
            "Europe\/Berlin",
            "Europe\/Busingen"
        ],
        "icon": "🇩🇪",
        "is_active": true
    },
    {
        "id": 83,
        "name": "Ghana",
        "phone_code": "233",
        "currency": "GHS",
        "currency_symbol": "GH₵",
        "timezones": [
            "Africa\/Accra"
        ],
        "icon": "🇬🇭",
        "is_active": true
    },
    {
        "id": 84,
        "name": "Gibraltar",
        "phone_code": "350",
        "currency": "GIP",
        "currency_symbol": "£",
        "timezones": [
            "Europe\/Gibraltar"
        ],
        "icon": "🇬🇮",
        "is_active": true
    },
    {
        "id": 85,
        "name": "Greece",
        "phone_code": "30",
        "currency": "EUR",
        "currency_symbol": "€",
        "timezones": [
            "Europe\/Athens"
        ],
        "icon": "🇬🇷",
        "is_active": true
    },
    {
        "id": 86,
        "name": "Greenland",
        "phone_code": "299",
        "currency": "DKK",
        "currency_symbol": "Kr.",
        "timezones": [
            "America\/Danmarkshavn",
            "America\/Nuuk",
            "America\/Scoresbysund",
            "America\/Thule"
        ],
        "icon": "🇬🇱",
        "is_active": true
    },
    {
        "id": 87,
        "name": "Grenada",
        "phone_code": "+1-473",
        "currency": "XCD",
        "currency_symbol": "$",
        "timezones": [
            "America\/Grenada"
        ],
        "icon": "🇬🇩",
        "is_active": true
    },
    {
        "id": 88,
        "name": "Guadeloupe",
        "phone_code": "590",
        "currency": "EUR",
        "currency_symbol": "€",
        "timezones": [
            "America\/Guadeloupe"
        ],
        "icon": "🇬🇵",
        "is_active": true
    },
    {
        "id": 89,
        "name": "Guam",
        "phone_code": "+1-671",
        "currency": "USD",
        "currency_symbol": "$",
        "timezones": [
            "Pacific\/Guam"
        ],
        "icon": "🇬🇺",
        "is_active": true
    },
    {
        "id": 90,
        "name": "Guatemala",
        "phone_code": "502",
        "currency": "GTQ",
        "currency_symbol": "Q",
        "timezones": [
            "America\/Guatemala"
        ],
        "icon": "🇬🇹",
        "is_active": true
    },
    {
        "id": 91,
        "name": "Guernsey and Alderney",
        "phone_code": "+44-1481",
        "currency": "GBP",
        "currency_symbol": "£",
        "timezones": [
            "Europe\/Guernsey"
        ],
        "icon": "🇬🇬",
        "is_active": true
    },
    {
        "id": 92,
        "name": "Guinea",
        "phone_code": "224",
        "currency": "GNF",
        "currency_symbol": "FG",
        "timezones": [
            "Africa\/Conakry"
        ],
        "icon": "🇬🇳",
        "is_active": true
    },
    {
        "id": 93,
        "name": "Guinea-Bissau",
        "phone_code": "245",
        "currency": "XOF",
        "currency_symbol": "CFA",
        "timezones": [
            "Africa\/Bissau"
        ],
        "icon": "🇬🇼",
        "is_active": true
    },
    {
        "id": 94,
        "name": "Guyana",
        "phone_code": "592",
        "currency": "GYD",
        "currency_symbol": "$",
        "timezones": [
            "America\/Guyana"
        ],
        "icon": "🇬🇾",
        "is_active": true
    },
    {
        "id": 95,
        "name": "Haiti",
        "phone_code": "509",
        "currency": "HTG",
        "currency_symbol": "G",
        "timezones": [
            "America\/Port-au-Prince"
        ],
        "icon": "🇭🇹",
        "is_active": true
    },
    {
        "id": 96,
        "name": "Heard Island and McDonald Islands",
        "phone_code": "",
        "currency": "AUD",
        "currency_symbol": "$",
        "timezones": [
            "Indian\/Kerguelen"
        ],
        "icon": "🇭🇲",
        "is_active": true
    },
    {
        "id": 97,
        "name": "Honduras",
        "phone_code": "504",
        "currency": "HNL",
        "currency_symbol": "L",
        "timezones": [
            "America\/Tegucigalpa"
        ],
        "icon": "🇭🇳",
        "is_active": true
    },
    {
        "id": 98,
        "name": "Hong Kong S.A.R.",
        "phone_code": "852",
        "currency": "HKD",
        "currency_symbol": "$",
        "timezones": [
            "Asia\/Hong_Kong"
        ],
        "icon": "🇭🇰",
        "is_active": true
    },
    {
        "id": 99,
        "name": "Hungary",
        "phone_code": "36",
        "currency": "HUF",
        "currency_symbol": "Ft",
        "timezones": [
            "Europe\/Budapest"
        ],
        "icon": "🇭🇺",
        "is_active": true
    },
    {
        "id": 100,
        "name": "Iceland",
        "phone_code": "354",
        "currency": "ISK",
        "currency_symbol": "kr",
        "timezones": [
            "Atlantic\/Reykjavik"
        ],
        "icon": "🇮🇸",
        "is_active": true
    },
    {
        "id": 101,
        "name": "India",
        "phone_code": "91",
        "currency": "INR",
        "currency_symbol": "₹",
        "timezones": [
            "Asia\/Kolkata"
        ],
        "icon": "🇮🇳",
        "is_active": true
    },
    {
        "id": 102,
        "name": "Indonesia",
        "phone_code": "62",
        "currency": "IDR",
        "currency_symbol": "Rp",
        "timezones": [
            "Asia\/Jakarta",
            "Asia\/Jayapura",
            "Asia\/Makassar",
            "Asia\/Pontianak"
        ],
        "icon": "🇮🇩",
        "is_active": true
    },
    {
        "id": 103,
        "name": "Iran",
        "phone_code": "98",
        "currency": "IRR",
        "currency_symbol": "﷼",
        "timezones": [
            "Asia\/Tehran"
        ],
        "icon": "🇮🇷",
        "is_active": true
    },
    {
        "id": 104,
        "name": "Iraq",
        "phone_code": "964",
        "currency": "IQD",
        "currency_symbol": "د.ع",
        "timezones": [
            "Asia\/Baghdad"
        ],
        "icon": "🇮🇶",
        "is_active": true
    },
    {
        "id": 105,
        "name": "Ireland",
        "phone_code": "353",
        "currency": "EUR",
        "currency_symbol": "€",
        "timezones": [
            "Europe\/Dublin"
        ],
        "icon": "🇮🇪",
        "is_active": true
    },
    {
        "id": 106,
        "name": "Israel",
        "phone_code": "972",
        "currency": "ILS",
        "currency_symbol": "₪",
        "timezones": [
            "Asia\/Jerusalem"
        ],
        "icon": "🇮🇱",
        "is_active": true
    },
    {
        "id": 107,
        "name": "Italy",
        "phone_code": "39",
        "currency": "EUR",
        "currency_symbol": "€",
        "timezones": [
            "Europe\/Rome"
        ],
        "icon": "🇮🇹",
        "is_active": true
    },
    {
        "id": 108,
        "name": "Jamaica",
        "phone_code": "+1-876",
        "currency": "JMD",
        "currency_symbol": "J$",
        "timezones": [
            "America\/Jamaica"
        ],
        "icon": "🇯🇲",
        "is_active": true
    },
    {
        "id": 109,
        "name": "Japan",
        "phone_code": "81",
        "currency": "JPY",
        "currency_symbol": "¥",
        "timezones": [
            "Asia\/Tokyo"
        ],
        "icon": "🇯🇵",
        "is_active": true
    },
    {
        "id": 110,
        "name": "Jersey",
        "phone_code": "+44-1534",
        "currency": "GBP",
        "currency_symbol": "£",
        "timezones": [
            "Europe\/Jersey"
        ],
        "icon": "🇯🇪",
        "is_active": true
    },
    {
        "id": 111,
        "name": "Jordan",
        "phone_code": "962",
        "currency": "JOD",
        "currency_symbol": "ا.د",
        "timezones": [
            "Asia\/Amman"
        ],
        "icon": "🇯🇴",
        "is_active": true
    },
    {
        "id": 112,
        "name": "Kazakhstan",
        "phone_code": "7",
        "currency": "KZT",
        "currency_symbol": "лв",
        "timezones": [
            "Asia\/Almaty",
            "Asia\/Aqtau",
            "Asia\/Aqtobe",
            "Asia\/Atyrau",
            "Asia\/Oral",
            "Asia\/Qostanay",
            "Asia\/Qyzylorda"
        ],
        "icon": "🇰🇿",
        "is_active": true
    },
    {
        "id": 113,
        "name": "Kenya",
        "phone_code": "254",
        "currency": "KES",
        "currency_symbol": "KSh",
        "timezones": [
            "Africa\/Nairobi"
        ],
        "icon": "🇰🇪",
        "is_active": true
    },
    {
        "id": 114,
        "name": "Kiribati",
        "phone_code": "686",
        "currency": "AUD",
        "currency_symbol": "$",
        "timezones": [
            "Pacific\/Enderbury",
            "Pacific\/Kiritimati",
            "Pacific\/Tarawa"
        ],
        "icon": "🇰🇮",
        "is_active": true
    },
    {
        "id": 115,
        "name": "Korea North",
        "phone_code": "850",
        "currency": "KPW",
        "currency_symbol": "₩",
        "timezones": [
            "Asia\/Pyongyang"
        ],
        "icon": "🇰🇵",
        "is_active": true
    },
    {
        "id": 116,
        "name": "Korea South",
        "phone_code": "82",
        "currency": "KRW",
        "currency_symbol": "₩",
        "timezones": [
            "Asia\/Seoul"
        ],
        "icon": "🇰🇷",
        "is_active": true
    },
    {
        "id": 117,
        "name": "Kuwait",
        "phone_code": "965",
        "currency": "KWD",
        "currency_symbol": "ك.د",
        "timezones": [
            "Asia\/Kuwait"
        ],
        "icon": "🇰🇼",
        "is_active": true
    },
    {
        "id": 118,
        "name": "Kyrgyzstan",
        "phone_code": "996",
        "currency": "KGS",
        "currency_symbol": "лв",
        "timezones": [
            "Asia\/Bishkek"
        ],
        "icon": "🇰🇬",
        "is_active": true
    },
    {
        "id": 119,
        "name": "Laos",
        "phone_code": "856",
        "currency": "LAK",
        "currency_symbol": "₭",
        "timezones": [
            "Asia\/Vientiane"
        ],
        "icon": "🇱🇦",
        "is_active": true
    },
    {
        "id": 120,
        "name": "Latvia",
        "phone_code": "371",
        "currency": "EUR",
        "currency_symbol": "€",
        "timezones": [
            "Europe\/Riga"
        ],
        "icon": "🇱🇻",
        "is_active": true
    },
    {
        "id": 121,
        "name": "Lebanon",
        "phone_code": "961",
        "currency": "LBP",
        "currency_symbol": "£",
        "timezones": [
            "Asia\/Beirut"
        ],
        "icon": "🇱🇧",
        "is_active": true
    },
    {
        "id": 122,
        "name": "Lesotho",
        "phone_code": "266",
        "currency": "LSL",
        "currency_symbol": "L",
        "timezones": [
            "Africa\/Maseru"
        ],
        "icon": "🇱🇸",
        "is_active": true
    },
    {
        "id": 123,
        "name": "Liberia",
        "phone_code": "231",
        "currency": "LRD",
        "currency_symbol": "$",
        "timezones": [
            "Africa\/Monrovia"
        ],
        "icon": "🇱🇷",
        "is_active": true
    },
    {
        "id": 124,
        "name": "Libya",
        "phone_code": "218",
        "currency": "LYD",
        "currency_symbol": "د.ل",
        "timezones": [
            "Africa\/Tripoli"
        ],
        "icon": "🇱🇾",
        "is_active": true
    },
    {
        "id": 125,
        "name": "Liechtenstein",
        "phone_code": "423",
        "currency": "CHF",
        "currency_symbol": "CHf",
        "timezones": [
            "Europe\/Vaduz"
        ],
        "icon": "🇱🇮",
        "is_active": true
    },
    {
        "id": 126,
        "name": "Lithuania",
        "phone_code": "370",
        "currency": "EUR",
        "currency_symbol": "€",
        "timezones": [
            "Europe\/Vilnius"
        ],
        "icon": "🇱🇹",
        "is_active": true
    },
    {
        "id": 127,
        "name": "Luxembourg",
        "phone_code": "352",
        "currency": "EUR",
        "currency_symbol": "€",
        "timezones": [
            "Europe\/Luxembourg"
        ],
        "icon": "🇱🇺",
        "is_active": true
    },
    {
        "id": 128,
        "name": "Macau S.A.R.",
        "phone_code": "853",
        "currency": "MOP",
        "currency_symbol": "$",
        "timezones": [
            "Asia\/Macau"
        ],
        "icon": "🇲🇴",
        "is_active": true
    },
    {
        "id": 129,
        "name": "Macedonia",
        "phone_code": "389",
        "currency": "MKD",
        "currency_symbol": "ден",
        "timezones": [
            "Europe\/Skopje"
        ],
        "icon": "🇲🇰",
        "is_active": true
    },
    {
        "id": 130,
        "name": "Madagascar",
        "phone_code": "261",
        "currency": "MGA",
        "currency_symbol": "Ar",
        "timezones": [
            "Indian\/Antananarivo"
        ],
        "icon": "🇲🇬",
        "is_active": true
    },
    {
        "id": 131,
        "name": "Malawi",
        "phone_code": "265",
        "currency": "MWK",
        "currency_symbol": "MK",
        "timezones": [
            "Africa\/Blantyre"
        ],
        "icon": "🇲🇼",
        "is_active": true
    },
    {
        "id": 132,
        "name": "Malaysia",
        "phone_code": "60",
        "currency": "MYR",
        "currency_symbol": "RM",
        "timezones": [
            "Asia\/Kuala_Lumpur",
            "Asia\/Kuching"
        ],
        "icon": "🇲🇾",
        "is_active": true
    },
    {
        "id": 133,
        "name": "Maldives",
        "phone_code": "960",
        "currency": "MVR",
        "currency_symbol": "Rf",
        "timezones": [
            "Indian\/Maldives"
        ],
        "icon": "🇲🇻",
        "is_active": true
    },
    {
        "id": 134,
        "name": "Mali",
        "phone_code": "223",
        "currency": "XOF",
        "currency_symbol": "CFA",
        "timezones": [
            "Africa\/Bamako"
        ],
        "icon": "🇲🇱",
        "is_active": true
    },
    {
        "id": 135,
        "name": "Malta",
        "phone_code": "356",
        "currency": "EUR",
        "currency_symbol": "€",
        "timezones": [
            "Europe\/Malta"
        ],
        "icon": "🇲🇹",
        "is_active": true
    },
    {
        "id": 136,
        "name": "Man (Isle of)",
        "phone_code": "+44-1624",
        "currency": "GBP",
        "currency_symbol": "£",
        "timezones": [
            "Europe\/Isle_of_Man"
        ],
        "icon": "🇮🇲",
        "is_active": true
    },
    {
        "id": 137,
        "name": "Marshall Islands",
        "phone_code": "692",
        "currency": "USD",
        "currency_symbol": "$",
        "timezones": [
            "Pacific\/Kwajalein",
            "Pacific\/Majuro"
        ],
        "icon": "🇲🇭",
        "is_active": true
    },
    {
        "id": 138,
        "name": "Martinique",
        "phone_code": "596",
        "currency": "EUR",
        "currency_symbol": "€",
        "timezones": [
            "America\/Martinique"
        ],
        "icon": "🇲🇶",
        "is_active": true
    },
    {
        "id": 139,
        "name": "Mauritania",
        "phone_code": "222",
        "currency": "MRO",
        "currency_symbol": "MRU",
        "timezones": [
            "Africa\/Nouakchott"
        ],
        "icon": "🇲🇷",
        "is_active": true
    },
    {
        "id": 140,
        "name": "Mauritius",
        "phone_code": "230",
        "currency": "MUR",
        "currency_symbol": "₨",
        "timezones": [
            "Indian\/Mauritius"
        ],
        "icon": "🇲🇺",
        "is_active": true
    },
    {
        "id": 141,
        "name": "Mayotte",
        "phone_code": "262",
        "currency": "EUR",
        "currency_symbol": "€",
        "timezones": [
            "Indian\/Mayotte"
        ],
        "icon": "🇾🇹",
        "is_active": true
    },
    {
        "id": 142,
        "name": "Mexico",
        "phone_code": "52",
        "currency": "MXN",
        "currency_symbol": "$",
        "timezones": [
            "America\/Bahia_Banderas",
            "America\/Cancun",
            "America\/Chihuahua",
            "America\/Hermosillo",
            "America\/Matamoros",
            "America\/Mazatlan",
            "America\/Merida",
            "America\/Mexico_City",
            "America\/Monterrey",
            "America\/Ojinaga",
            "America\/Tijuana"
        ],
        "icon": "🇲🇽",
        "is_active": true
    },
    {
        "id": 143,
        "name": "Micronesia",
        "phone_code": "691",
        "currency": "USD",
        "currency_symbol": "$",
        "timezones": [
            "Pacific\/Chuuk",
            "Pacific\/Kosrae",
            "Pacific\/Pohnpei"
        ],
        "icon": "🇫🇲",
        "is_active": true
    },
    {
        "id": 144,
        "name": "Moldova",
        "phone_code": "373",
        "currency": "MDL",
        "currency_symbol": "L",
        "timezones": [
            "Europe\/Chisinau"
        ],
        "icon": "🇲🇩",
        "is_active": true
    },
    {
        "id": 145,
        "name": "Monaco",
        "phone_code": "377",
        "currency": "EUR",
        "currency_symbol": "€",
        "timezones": [
            "Europe\/Monaco"
        ],
        "icon": "🇲🇨",
        "is_active": true
    },
    {
        "id": 146,
        "name": "Mongolia",
        "phone_code": "976",
        "currency": "MNT",
        "currency_symbol": "₮",
        "timezones": [
            "Asia\/Choibalsan",
            "Asia\/Hovd",
            "Asia\/Ulaanbaatar"
        ],
        "icon": "🇲🇳",
        "is_active": true
    },
    {
        "id": 147,
        "name": "Montenegro",
        "phone_code": "382",
        "currency": "EUR",
        "currency_symbol": "€",
        "timezones": [
            "Europe\/Podgorica"
        ],
        "icon": "🇲🇪",
        "is_active": true
    },
    {
        "id": 148,
        "name": "Montserrat",
        "phone_code": "+1-664",
        "currency": "XCD",
        "currency_symbol": "$",
        "timezones": [
            "America\/Montserrat"
        ],
        "icon": "🇲🇸",
        "is_active": true
    },
    {
        "id": 149,
        "name": "Morocco",
        "phone_code": "212",
        "currency": "MAD",
        "currency_symbol": "DH",
        "timezones": [
            "Africa\/Casablanca"
        ],
        "icon": "🇲🇦",
        "is_active": true
    },
    {
        "id": 150,
        "name": "Mozambique",
        "phone_code": "258",
        "currency": "MZN",
        "currency_symbol": "MT",
        "timezones": [
            "Africa\/Maputo"
        ],
        "icon": "🇲🇿",
        "is_active": true
    },
    {
        "id": 151,
        "name": "Myanmar",
        "phone_code": "95",
        "currency": "MMK",
        "currency_symbol": "K",
        "timezones": [
            "Asia\/Yangon"
        ],
        "icon": "🇲🇲",
        "is_active": true
    },
    {
        "id": 152,
        "name": "Namibia",
        "phone_code": "264",
        "currency": "NAD",
        "currency_symbol": "$",
        "timezones": [
            "Africa\/Windhoek"
        ],
        "icon": "🇳🇦",
        "is_active": true
    },
    {
        "id": 153,
        "name": "Nauru",
        "phone_code": "674",
        "currency": "AUD",
        "currency_symbol": "$",
        "timezones": [
            "Pacific\/Nauru"
        ],
        "icon": "🇳🇷",
        "is_active": true
    },
    {
        "id": 154,
        "name": "Nepal",
        "phone_code": "977",
        "currency": "NPR",
        "currency_symbol": "₨",
        "timezones": [
            "Asia\/Kathmandu"
        ],
        "icon": "🇳🇵",
        "is_active": true
    },
    {
        "id": 156,
        "name": "Netherlands The",
        "phone_code": "31",
        "currency": "EUR",
        "currency_symbol": "€",
        "timezones": [
            "Europe\/Amsterdam"
        ],
        "icon": "🇳🇱",
        "is_active": true
    },
    {
        "id": 157,
        "name": "New Caledonia",
        "phone_code": "687",
        "currency": "XPF",
        "currency_symbol": "₣",
        "timezones": [
            "Pacific\/Noumea"
        ],
        "icon": "🇳🇨",
        "is_active": true
    },
    {
        "id": 158,
        "name": "New Zealand",
        "phone_code": "64",
        "currency": "NZD",
        "currency_symbol": "$",
        "timezones": [
            "Pacific\/Auckland",
            "Pacific\/Chatham"
        ],
        "icon": "🇳🇿",
        "is_active": true
    },
    {
        "id": 159,
        "name": "Nicaragua",
        "phone_code": "505",
        "currency": "NIO",
        "currency_symbol": "C$",
        "timezones": [
            "America\/Managua"
        ],
        "icon": "🇳🇮",
        "is_active": true
    },
    {
        "id": 160,
        "name": "Niger",
        "phone_code": "227",
        "currency": "XOF",
        "currency_symbol": "CFA",
        "timezones": [
            "Africa\/Niamey"
        ],
        "icon": "🇳🇪",
        "is_active": true
    },
    {
        "id": 161,
        "name": "Nigeria",
        "phone_code": "234",
        "currency": "NGN",
        "currency_symbol": "₦",
        "timezones": [
            "Africa\/Lagos"
        ],
        "icon": "🇳🇬",
        "is_active": true
    },
    {
        "id": 162,
        "name": "Niue",
        "phone_code": "683",
        "currency": "NZD",
        "currency_symbol": "$",
        "timezones": [
            "Pacific\/Niue"
        ],
        "icon": "🇳🇺",
        "is_active": true
    },
    {
        "id": 163,
        "name": "Norfolk Island",
        "phone_code": "672",
        "currency": "AUD",
        "currency_symbol": "$",
        "timezones": [
            "Pacific\/Norfolk"
        ],
        "icon": "🇳🇫",
        "is_active": true
    },
    {
        "id": 164,
        "name": "Northern Mariana Islands",
        "phone_code": "+1-670",
        "currency": "USD",
        "currency_symbol": "$",
        "timezones": [
            "Pacific\/Saipan"
        ],
        "icon": "🇲🇵",
        "is_active": true
    },
    {
        "id": 165,
        "name": "Norway",
        "phone_code": "47",
        "currency": "NOK",
        "currency_symbol": "kr",
        "timezones": [
            "Europe\/Oslo"
        ],
        "icon": "🇳🇴",
        "is_active": true
    },
    {
        "id": 166,
        "name": "Oman",
        "phone_code": "968",
        "currency": "OMR",
        "currency_symbol": ".ع.ر",
        "timezones": [
            "Asia\/Muscat"
        ],
        "icon": "🇴🇲",
        "is_active": true
    },
    {
        "id": 167,
        "name": "Pakistan",
        "phone_code": "92",
        "currency": "PKR",
        "currency_symbol": "₨",
        "timezones": [
            "Asia\/Karachi"
        ],
        "icon": "🇵🇰",
        "is_active": true
    },
    {
        "id": 168,
        "name": "Palau",
        "phone_code": "680",
        "currency": "USD",
        "currency_symbol": "$",
        "timezones": [
            "Pacific\/Palau"
        ],
        "icon": "🇵🇼",
        "is_active": true
    },
    {
        "id": 169,
        "name": "Palestinian Territory Occupied",
        "phone_code": "970",
        "currency": "ILS",
        "currency_symbol": "₪",
        "timezones": [
            "Asia\/Gaza",
            "Asia\/Hebron"
        ],
        "icon": "🇵🇸",
        "is_active": true
    },
    {
        "id": 170,
        "name": "Panama",
        "phone_code": "507",
        "currency": "PAB",
        "currency_symbol": "B\/.",
        "timezones": [
            "America\/Panama"
        ],
        "icon": "🇵🇦",
        "is_active": true
    },
    {
        "id": 171,
        "name": "Papua new Guinea",
        "phone_code": "675",
        "currency": "PGK",
        "currency_symbol": "K",
        "timezones": [
            "Pacific\/Bougainville",
            "Pacific\/Port_Moresby"
        ],
        "icon": "🇵🇬",
        "is_active": true
    },
    {
        "id": 172,
        "name": "Paraguay",
        "phone_code": "595",
        "currency": "PYG",
        "currency_symbol": "₲",
        "timezones": [
            "America\/Asuncion"
        ],
        "icon": "🇵🇾",
        "is_active": true
    },
    {
        "id": 173,
        "name": "Peru",
        "phone_code": "51",
        "currency": "PEN",
        "currency_symbol": "S\/.",
        "timezones": [
            "America\/Lima"
        ],
        "icon": "🇵🇪",
        "is_active": true
    },
    {
        "id": 174,
        "name": "Philippines",
        "phone_code": "63",
        "currency": "PHP",
        "currency_symbol": "₱",
        "timezones": [
            "Asia\/Manila"
        ],
        "icon": "🇵🇭",
        "is_active": true
    },
    {
        "id": 175,
        "name": "Pitcairn Island",
        "phone_code": "870",
        "currency": "NZD",
        "currency_symbol": "$",
        "timezones": [
            "Pacific\/Pitcairn"
        ],
        "icon": "🇵🇳",
        "is_active": true
    },
    {
        "id": 176,
        "name": "Poland",
        "phone_code": "48",
        "currency": "PLN",
        "currency_symbol": "zł",
        "timezones": [
            "Europe\/Warsaw"
        ],
        "icon": "🇵🇱",
        "is_active": true
    },
    {
        "id": 177,
        "name": "Portugal",
        "phone_code": "351",
        "currency": "EUR",
        "currency_symbol": "€",
        "timezones": [
            "Atlantic\/Azores",
            "Atlantic\/Madeira",
            "Europe\/Lisbon"
        ],
        "icon": "🇵🇹",
        "is_active": true
    },
    {
        "id": 178,
        "name": "Puerto Rico",
        "phone_code": "+1-787 and 1-939",
        "currency": "USD",
        "currency_symbol": "$",
        "timezones": [
            "America\/Puerto_Rico"
        ],
        "icon": "🇵🇷",
        "is_active": true
    },
    {
        "id": 179,
        "name": "Qatar",
        "phone_code": "974",
        "currency": "QAR",
        "currency_symbol": "ق.ر",
        "timezones": [
            "Asia\/Qatar"
        ],
        "icon": "🇶🇦",
        "is_active": true
    },
    {
        "id": 180,
        "name": "Reunion",
        "phone_code": "262",
        "currency": "EUR",
        "currency_symbol": "€",
        "timezones": [
            "Indian\/Reunion"
        ],
        "icon": "🇷🇪",
        "is_active": true
    },
    {
        "id": 181,
        "name": "Romania",
        "phone_code": "40",
        "currency": "RON",
        "currency_symbol": "lei",
        "timezones": [
            "Europe\/Bucharest"
        ],
        "icon": "🇷🇴",
        "is_active": true
    },
    {
        "id": 182,
        "name": "Russia",
        "phone_code": "7",
        "currency": "RUB",
        "currency_symbol": "₽",
        "timezones": [
            "Asia\/Anadyr",
            "Asia\/Barnaul",
            "Asia\/Chita",
            "Asia\/Irkutsk",
            "Asia\/Kamchatka",
            "Asia\/Khandyga",
            "Asia\/Krasnoyarsk",
            "Asia\/Magadan",
            "Asia\/Novokuznetsk",
            "Asia\/Novosibirsk",
            "Asia\/Omsk",
            "Asia\/Sakhalin",
            "Asia\/Srednekolymsk",
            "Asia\/Tomsk",
            "Asia\/Ust-Nera",
            "Asia\/Vladivostok",
            "Asia\/Yakutsk",
            "Asia\/Yekaterinburg",
            "Europe\/Astrakhan",
            "Europe\/Kaliningrad",
            "Europe\/Kirov",
            "Europe\/Moscow",
            "Europe\/Samara",
            "Europe\/Saratov",
            "Europe\/Ulyanovsk",
            "Europe\/Volgograd"
        ],
        "icon": "🇷🇺",
        "is_active": true
    },
    {
        "id": 183,
        "name": "Rwanda",
        "phone_code": "250",
        "currency": "RWF",
        "currency_symbol": "FRw",
        "timezones": [
            "Africa\/Kigali"
        ],
        "icon": "🇷🇼",
        "is_active": true
    },
    {
        "id": 184,
        "name": "Saint Helena",
        "phone_code": "290",
        "currency": "SHP",
        "currency_symbol": "£",
        "timezones": [
            "Atlantic\/St_Helena"
        ],
        "icon": "🇸🇭",
        "is_active": true
    },
    {
        "id": 185,
        "name": "Saint Kitts And Nevis",
        "phone_code": "+1-869",
        "currency": "XCD",
        "currency_symbol": "$",
        "timezones": [
            "America\/St_Kitts"
        ],
        "icon": "🇰🇳",
        "is_active": true
    },
    {
        "id": 186,
        "name": "Saint Lucia",
        "phone_code": "+1-758",
        "currency": "XCD",
        "currency_symbol": "$",
        "timezones": [
            "America\/St_Lucia"
        ],
        "icon": "🇱🇨",
        "is_active": true
    },
    {
        "id": 187,
        "name": "Saint Pierre and Miquelon",
        "phone_code": "508",
        "currency": "EUR",
        "currency_symbol": "€",
        "timezones": [
            "America\/Miquelon"
        ],
        "icon": "🇵🇲",
        "is_active": true
    },
    {
        "id": 188,
        "name": "Saint Vincent And The Grenadines",
        "phone_code": "+1-784",
        "currency": "XCD",
        "currency_symbol": "$",
        "timezones": [
            "America\/St_Vincent"
        ],
        "icon": "🇻🇨",
        "is_active": true
    },
    {
        "id": 189,
        "name": "Saint-Barthelemy",
        "phone_code": "590",
        "currency": "EUR",
        "currency_symbol": "€",
        "timezones": [
            "America\/St_Barthelemy"
        ],
        "icon": "🇧🇱",
        "is_active": true
    },
    {
        "id": 190,
        "name": "Saint-Martin (French part)",
        "phone_code": "590",
        "currency": "EUR",
        "currency_symbol": "€",
        "timezones": [
            "America\/Marigot"
        ],
        "icon": "🇲🇫",
        "is_active": true
    },
    {
        "id": 191,
        "name": "Samoa",
        "phone_code": "685",
        "currency": "WST",
        "currency_symbol": "SAT",
        "timezones": [
            "Pacific\/Apia"
        ],
        "icon": "🇼🇸",
        "is_active": true
    },
    {
        "id": 192,
        "name": "San Marino",
        "phone_code": "378",
        "currency": "EUR",
        "currency_symbol": "€",
        "timezones": [
            "Europe\/San_Marino"
        ],
        "icon": "🇸🇲",
        "is_active": true
    },
    {
        "id": 193,
        "name": "Sao Tome and Principe",
        "phone_code": "239",
        "currency": "STD",
        "currency_symbol": "Db",
        "timezones": [
            "Africa\/Sao_Tome"
        ],
        "icon": "🇸🇹",
        "is_active": true
    },
    {
        "id": 194,
        "name": "Saudi Arabia",
        "phone_code": "966",
        "currency": "SAR",
        "currency_symbol": "﷼",
        "timezones": [
            "Asia\/Riyadh"
        ],
        "icon": "🇸🇦",
        "is_active": true
    },
    {
        "id": 195,
        "name": "Senegal",
        "phone_code": "221",
        "currency": "XOF",
        "currency_symbol": "CFA",
        "timezones": [
            "Africa\/Dakar"
        ],
        "icon": "🇸🇳",
        "is_active": true
    },
    {
        "id": 196,
        "name": "Serbia",
        "phone_code": "381",
        "currency": "RSD",
        "currency_symbol": "din",
        "timezones": [
            "Europe\/Belgrade"
        ],
        "icon": "🇷🇸",
        "is_active": true
    },
    {
        "id": 197,
        "name": "Seychelles",
        "phone_code": "248",
        "currency": "SCR",
        "currency_symbol": "SRe",
        "timezones": [
            "Indian\/Mahe"
        ],
        "icon": "🇸🇨",
        "is_active": true
    },
    {
        "id": 198,
        "name": "Sierra Leone",
        "phone_code": "232",
        "currency": "SLL",
        "currency_symbol": "Le",
        "timezones": [
            "Africa\/Freetown"
        ],
        "icon": "🇸🇱",
        "is_active": true
    },
    {
        "id": 199,
        "name": "Singapore",
        "phone_code": "65",
        "currency": "SGD",
        "currency_symbol": "$",
        "timezones": [
            "Asia\/Singapore"
        ],
        "icon": "🇸🇬",
        "is_active": true
    },
    {
        "id": 200,
        "name": "Slovakia",
        "phone_code": "421",
        "currency": "EUR",
        "currency_symbol": "€",
        "timezones": [
            "Europe\/Bratislava"
        ],
        "icon": "🇸🇰",
        "is_active": true
    },
    {
        "id": 201,
        "name": "Slovenia",
        "phone_code": "386",
        "currency": "EUR",
        "currency_symbol": "€",
        "timezones": [
            "Europe\/Ljubljana"
        ],
        "icon": "🇸🇮",
        "is_active": true
    },
    {
        "id": 202,
        "name": "Solomon Islands",
        "phone_code": "677",
        "currency": "SBD",
        "currency_symbol": "Si$",
        "timezones": [
            "Pacific\/Guadalcanal"
        ],
        "icon": "🇸🇧",
        "is_active": true
    },
    {
        "id": 203,
        "name": "Somalia",
        "phone_code": "252",
        "currency": "SOS",
        "currency_symbol": "Sh.so.",
        "timezones": [
            "Africa\/Mogadishu"
        ],
        "icon": "🇸🇴",
        "is_active": true
    },
    {
        "id": 204,
        "name": "South Africa",
        "phone_code": "27",
        "currency": "ZAR",
        "currency_symbol": "R",
        "timezones": [
            "Africa\/Johannesburg"
        ],
        "icon": "🇿🇦",
        "is_active": true
    },
    {
        "id": 205,
        "name": "South Georgia",
        "phone_code": "",
        "currency": "GBP",
        "currency_symbol": "£",
        "timezones": [
            "Atlantic\/South_Georgia"
        ],
        "icon": "🇬🇸",
        "is_active": true
    },
    {
        "id": 206,
        "name": "South Sudan",
        "phone_code": "211",
        "currency": "SSP",
        "currency_symbol": "£",
        "timezones": [
            "Africa\/Juba"
        ],
        "icon": "🇸🇸",
        "is_active": true
    },
    {
        "id": 207,
        "name": "Spain",
        "phone_code": "34",
        "currency": "EUR",
        "currency_symbol": "€",
        "timezones": [
            "Africa\/Ceuta",
            "Atlantic\/Canary",
            "Europe\/Madrid"
        ],
        "icon": "🇪🇸",
        "is_active": true
    },
    {
        "id": 208,
        "name": "Sri Lanka",
        "phone_code": "94",
        "currency": "LKR",
        "currency_symbol": "Rs",
        "timezones": [
            "Asia\/Colombo"
        ],
        "icon": "🇱🇰",
        "is_active": true
    },
    {
        "id": 209,
        "name": "Sudan",
        "phone_code": "249",
        "currency": "SDG",
        "currency_symbol": ".س.ج",
        "timezones": [
            "Africa\/Khartoum"
        ],
        "icon": "🇸🇩",
        "is_active": true
    },
    {
        "id": 210,
        "name": "Suriname",
        "phone_code": "597",
        "currency": "SRD",
        "currency_symbol": "$",
        "timezones": [
            "America\/Paramaribo"
        ],
        "icon": "🇸🇷",
        "is_active": true
    },
    {
        "id": 211,
        "name": "Svalbard And Jan Mayen Islands",
        "phone_code": "47",
        "currency": "NOK",
        "currency_symbol": "kr",
        "timezones": [
            "Arctic\/Longyearbyen"
        ],
        "icon": "🇸🇯",
        "is_active": true
    },
    {
        "id": 212,
        "name": "Swaziland",
        "phone_code": "268",
        "currency": "SZL",
        "currency_symbol": "E",
        "timezones": [
            "Africa\/Mbabane"
        ],
        "icon": "🇸🇿",
        "is_active": true
    },
    {
        "id": 213,
        "name": "Sweden",
        "phone_code": "46",
        "currency": "SEK",
        "currency_symbol": "kr",
        "timezones": [
            "Europe\/Stockholm"
        ],
        "icon": "🇸🇪",
        "is_active": true
    },
    {
        "id": 214,
        "name": "Switzerland",
        "phone_code": "41",
        "currency": "CHF",
        "currency_symbol": "CHf",
        "timezones": [
            "Europe\/Zurich"
        ],
        "icon": "🇨🇭",
        "is_active": true
    },
    {
        "id": 215,
        "name": "Syria",
        "phone_code": "963",
        "currency": "SYP",
        "currency_symbol": "LS",
        "timezones": [
            "Asia\/Damascus"
        ],
        "icon": "🇸🇾",
        "is_active": true
    },
    {
        "id": 216,
        "name": "Taiwan",
        "phone_code": "886",
        "currency": "TWD",
        "currency_symbol": "$",
        "timezones": [
            "Asia\/Taipei"
        ],
        "icon": "🇹🇼",
        "is_active": true
    },
    {
        "id": 217,
        "name": "Tajikistan",
        "phone_code": "992",
        "currency": "TJS",
        "currency_symbol": "SM",
        "timezones": [
            "Asia\/Dushanbe"
        ],
        "icon": "🇹🇯",
        "is_active": true
    },
    {
        "id": 218,
        "name": "Tanzania",
        "phone_code": "255",
        "currency": "TZS",
        "currency_symbol": "TSh",
        "timezones": [
            "Africa\/Dar_es_Salaam"
        ],
        "icon": "🇹🇿",
        "is_active": true
    },
    {
        "id": 219,
        "name": "Thailand",
        "phone_code": "66",
        "currency": "THB",
        "currency_symbol": "฿",
        "timezones": [
            "Asia\/Bangkok"
        ],
        "icon": "🇹🇭",
        "is_active": true
    },
    {
        "id": 220,
        "name": "Togo",
        "phone_code": "228",
        "currency": "XOF",
        "currency_symbol": "CFA",
        "timezones": [
            "Africa\/Lome"
        ],
        "icon": "🇹🇬",
        "is_active": true
    },
    {
        "id": 221,
        "name": "Tokelau",
        "phone_code": "690",
        "currency": "NZD",
        "currency_symbol": "$",
        "timezones": [
            "Pacific\/Fakaofo"
        ],
        "icon": "🇹🇰",
        "is_active": true
    },
    {
        "id": 222,
        "name": "Tonga",
        "phone_code": "676",
        "currency": "TOP",
        "currency_symbol": "$",
        "timezones": [
            "Pacific\/Tongatapu"
        ],
        "icon": "🇹🇴",
        "is_active": true
    },
    {
        "id": 223,
        "name": "Trinidad And Tobago",
        "phone_code": "+1-868",
        "currency": "TTD",
        "currency_symbol": "$",
        "timezones": [
            "America\/Port_of_Spain"
        ],
        "icon": "🇹🇹",
        "is_active": true
    },
    {
        "id": 224,
        "name": "Tunisia",
        "phone_code": "216",
        "currency": "TND",
        "currency_symbol": "ت.د",
        "timezones": [
            "Africa\/Tunis"
        ],
        "icon": "🇹🇳",
        "is_active": true
    },
    {
        "id": 225,
        "name": "Turkey",
        "phone_code": "90",
        "currency": "TRY",
        "currency_symbol": "₺",
        "timezones": [
            "Europe\/Istanbul"
        ],
        "icon": "🇹🇷",
        "is_active": true
    },
    {
        "id": 226,
        "name": "Turkmenistan",
        "phone_code": "993",
        "currency": "TMT",
        "currency_symbol": "T",
        "timezones": [
            "Asia\/Ashgabat"
        ],
        "icon": "🇹🇲",
        "is_active": true
    },
    {
        "id": 227,
        "name": "Turks And Caicos Islands",
        "phone_code": "+1-649",
        "currency": "USD",
        "currency_symbol": "$",
        "timezones": [
            "America\/Grand_Turk"
        ],
        "icon": "🇹🇨",
        "is_active": true
    },
    {
        "id": 228,
        "name": "Tuvalu",
        "phone_code": "688",
        "currency": "AUD",
        "currency_symbol": "$",
        "timezones": [
            "Pacific\/Funafuti"
        ],
        "icon": "🇹🇻",
        "is_active": true
    },
    {
        "id": 229,
        "name": "Uganda",
        "phone_code": "256",
        "currency": "UGX",
        "currency_symbol": "USh",
        "timezones": [
            "Africa\/Kampala"
        ],
        "icon": "🇺🇬",
        "is_active": true
    },
    {
        "id": 230,
        "name": "Ukraine",
        "phone_code": "380",
        "currency": "UAH",
        "currency_symbol": "₴",
        "timezones": [
            "Europe\/Kiev",
            "Europe\/Simferopol",
            "Europe\/Uzhgorod",
            "Europe\/Zaporozhye"
        ],
        "icon": "🇺🇦",
        "is_active": true
    },
    {
        "id": 231,
        "name": "United Arab Emirates",
        "phone_code": "971",
        "currency": "AED",
        "currency_symbol": "إ.د",
        "timezones": [
            "Asia\/Dubai"
        ],
        "icon": "🇦🇪",
        "is_active": true
    },
    {
        "id": 232,
        "name": "United Kingdom",
        "phone_code": "44",
        "currency": "GBP",
        "currency_symbol": "£",
        "timezones": [
            "Europe\/London"
        ],
        "icon": "🇬🇧",
        "is_active": true
    },
    {
        "id": 233,
        "name": "United States",
        "phone_code": "1",
        "currency": "USD",
        "currency_symbol": "$",
        "timezones": [
            "America\/Adak",
            "America\/Anchorage",
            "America\/Boise",
            "America\/Chicago",
            "America\/Denver",
            "America\/Detroit",
            "America\/Indiana\/Indianapolis",
            "America\/Indiana\/Knox",
            "America\/Indiana\/Marengo",
            "America\/Indiana\/Petersburg",
            "America\/Indiana\/Tell_City",
            "America\/Indiana\/Vevay",
            "America\/Indiana\/Vincennes",
            "America\/Indiana\/Winamac",
            "America\/Juneau",
            "America\/Kentucky\/Louisville",
            "America\/Kentucky\/Monticello",
            "America\/Los_Angeles",
            "America\/Menominee",
            "America\/Metlakatla",
            "America\/New_York",
            "America\/Nome",
            "America\/North_Dakota\/Beulah",
            "America\/North_Dakota\/Center",
            "America\/North_Dakota\/New_Salem",
            "America\/Phoenix",
            "America\/Sitka",
            "America\/Yakutat",
            "Pacific\/Honolulu"
        ],
        "icon": "🇺🇸",
        "is_active": true
    },
    {
        "id": 234,
        "name": "United States Minor Outlying Islands",
        "phone_code": "1",
        "currency": "USD",
        "currency_symbol": "$",
        "timezones": [
            "Pacific\/Midway",
            "Pacific\/Wake"
        ],
        "icon": "🇺🇲",
        "is_active": true
    },
    {
        "id": 235,
        "name": "Uruguay",
        "phone_code": "598",
        "currency": "UYU",
        "currency_symbol": "$",
        "timezones": [
            "America\/Montevideo"
        ],
        "icon": "🇺🇾",
        "is_active": true
    },
    {
        "id": 236,
        "name": "Uzbekistan",
        "phone_code": "998",
        "currency": "UZS",
        "currency_symbol": "лв",
        "timezones": [
            "Asia\/Samarkand",
            "Asia\/Tashkent"
        ],
        "icon": "🇺🇿",
        "is_active": true
    },
    {
        "id": 237,
        "name": "Vanuatu",
        "phone_code": "678",
        "currency": "VUV",
        "currency_symbol": "VT",
        "timezones": [
            "Pacific\/Efate"
        ],
        "icon": "🇻🇺",
        "is_active": true
    },
    {
        "id": 238,
        "name": "Vatican City State (Holy See)",
        "phone_code": "379",
        "currency": "EUR",
        "currency_symbol": "€",
        "timezones": [
            "Europe\/Vatican"
        ],
        "icon": "🇻🇦",
        "is_active": true
    },
    {
        "id": 239,
        "name": "Venezuela",
        "phone_code": "58",
        "currency": "VEF",
        "currency_symbol": "Bs",
        "timezones": [
            "America\/Caracas"
        ],
        "icon": "🇻🇪",
        "is_active": true
    },
    {
        "id": 240,
        "name": "Vietnam",
        "phone_code": "84",
        "currency": "VND",
        "currency_symbol": "₫",
        "timezones": [
            "Asia\/Ho_Chi_Minh"
        ],
        "icon": "🇻🇳",
        "is_active": true
    },
    {
        "id": 241,
        "name": "Virgin Islands (British)",
        "phone_code": "+1-284",
        "currency": "USD",
        "currency_symbol": "$",
        "timezones": [
            "America\/Tortola"
        ],
        "icon": "🇻🇬",
        "is_active": true
    },
    {
        "id": 242,
        "name": "Virgin Islands (US)",
        "phone_code": "+1-340",
        "currency": "USD",
        "currency_symbol": "$",
        "timezones": [
            "America\/St_Thomas"
        ],
        "icon": "🇻🇮",
        "is_active": true
    },
    {
        "id": 243,
        "name": "Wallis And Futuna Islands",
        "phone_code": "681",
        "currency": "XPF",
        "currency_symbol": "₣",
        "timezones": [
            "Pacific\/Wallis"
        ],
        "icon": "🇼🇫",
        "is_active": true
    },
    {
        "id": 244,
        "name": "Western Sahara",
        "phone_code": "212",
        "currency": "MAD",
        "currency_symbol": "MAD",
        "timezones": [
            "Africa\/El_Aaiun"
        ],
        "icon": "🇪🇭",
        "is_active": true
    },
    {
        "id": 245,
        "name": "Yemen",
        "phone_code": "967",
        "currency": "YER",
        "currency_symbol": "﷼",
        "timezones": [
            "Asia\/Aden"
        ],
        "icon": "🇾🇪",
        "is_active": true
    },
    {
        "id": 246,
        "name": "Zambia",
        "phone_code": "260",
        "currency": "ZMW",
        "currency_symbol": "ZK",
        "timezones": [
            "Africa\/Lusaka"
        ],
        "icon": "🇿🇲",
        "is_active": true
    },
    {
        "id": 247,
        "name": "Zimbabwe",
        "phone_code": "263",
        "currency": "ZWL",
        "currency_symbol": "$",
        "timezones": [
            "Africa\/Harare"
        ],
        "icon": "🇿🇼",
        "is_active": true
    },
    {
        "id": 248,
        "name": "Kosovo",
        "phone_code": "383",
        "currency": "EUR",
        "currency_symbol": "€",
        "timezones": [
            "Europe\/Belgrade"
        ],
        "icon": "🇽🇰",
        "is_active": true
    },
    {
        "id": 249,
        "name": "Curaçao",
        "phone_code": "599",
        "currency": "ANG",
        "currency_symbol": "ƒ",
        "timezones": [
            "America\/Curacao"
        ],
        "icon": "🇨🇼",
        "is_active": true
    },
    {
        "id": 250,
        "name": "Sint Maarten (Dutch part)",
        "phone_code": "1721",
        "currency": "ANG",
        "currency_symbol": "ƒ",
        "timezones": [
            "America\/Anguilla"
        ],
        "icon": "🇸🇽",
        "is_active": true
    }
]